sdk:automate:hub-management|2464.613299999386
sdk:setup|7055.872899999842
sdk:cli:on-bootstrap|21.653899999335408
sdk:automate:hub-management|2577.5467999996617
sdk:setup|6425.004999999888
sdk:cli:on-bootstrap|26.54229999985546
sdk:automate:hub-management|2492.503200000152
sdk:setup|5409.473300000653
sdk:cli:on-bootstrap|29.223400000482798
sdk:automate:hub-management|2798.6263999994844
sdk:setup|11201.69820000045
sdk:cli:on-bootstrap|219.71220000088215
sdk:automate:hub-management|2649.046600000933
sdk:setup|11546.940899999812
sdk:cli:on-bootstrap|45.92600000090897
sdk:automate:hub-management|3038.876099999994
sdk:setup|11434.474000001326
sdk:cli:on-bootstrap|221.6502999998629
sdk:automate:hub-management|2486.352200001478
sdk:setup|7043.526200000197
sdk:cli:on-bootstrap|21.19510000012815
sdk:automate:hub-management|2670.889599999413
sdk:setup|5274.262199999765
sdk:cli:on-bootstrap|17.012500001117587
sdk:automate:hub-management|2466.3191999997944
sdk:setup|5759.0207000002265
sdk:cli:on-bootstrap|22.19700000062585
sdk:automate:hub-management|2506.6398999989033
sdk:setup|5778.512700000778
sdk:cli:on-bootstrap|23.259199999272823
sdk:automate:hub-management|2493.2770000007004
sdk:setup|5630.656899999827
sdk:cli:on-bootstrap|21.997499998658895
sdk:automate:hub-management|2598.6382999999914
sdk:setup|6856.768899999792
sdk:cli:on-bootstrap|21.85189999989234
sdk:o11y:sync|0.11
sdk:hook|23.654799999902025
sdk:automate:hub-management|2539.560000000056
sdk:setup|6034.4820999999065
sdk:cli:on-bootstrap|24.097099999897182
sdk:o11y:sync|0.15
sdk:hook|5.396699999924749
sdk:cli:o11ySync|149.87669899966568
sdk:automate:hub-management|2665.2058999999426
sdk:driver:pre-initialization|3.8346000001765788
sdk:driver:get|4.735900000203401
sdk:setup|7424.483500000089
sdk:cli:on-bootstrap|30.06320000020787
sdk:o11y:sync|78.02
sdk:driver:post-initialization|139.91179999988526
sdk:hook|3.359900000039488
sdk:automate:session-annotation|151.75
sdk:cli:o11ySync|108.48840000014752
sdk:automate:hub-management|2643.9916999991983
sdk:driver:pre-initialization|3.994699999690056
sdk:driver:get|4.929100000299513
sdk:setup|6312.957500000484
sdk:cli:on-bootstrap|22.336900000460446
sdk:o11y:sync|58.69
sdk:driver:post-initialization|105.02339999936521
sdk:hook|5.115800000727177
sdk:automate:session-annotation|111.33
sdk:automate:hub-management|2680.188099999912
sdk:setup|7841.050099999644
sdk:cli:on-bootstrap|23.815499999560416
sdk:o11y:sync|0.17
sdk:hook|9.042299999855459
sdk:cli:o11ySync|103.96340000070632
sdk:automate:hub-management|2661.024799999781
sdk:driver:pre-initialization|5.613099999725819
sdk:driver:get|6.715499999932945
sdk:setup|5631.655999999493
sdk:cli:on-bootstrap|20.933299999684095
sdk:o11y:sync|57.77
sdk:driver:post-initialization|99.70330000016838
sdk:hook|4.287800000049174
sdk:automate:session-annotation|110.36
sdk:automate:hub-management|2541.2302000001073
sdk:setup|5507.894999999553
sdk:cli:on-bootstrap|19.79270000010729
sdk:o11y:sync|0.2
sdk:hook|9.723199999891222
